residue_nr,total_contribution
26,0.29314319742843137
25,0.2915141632223059
49,0.28259139880992573
50,0.2813669605574858
13,0.2740595496123118
14,0.27265658724201863
24,0.27054949898048486
27,0.26977736662077634
51,0.26896699778759636
48,0.26714984213705445
28,0.26673952116582006
12,0.2645372435362309
11,0.2606534189085018
29,0.25938932683623356
15,0.2580442557701625
23,0.25564291892302254
52,0.24728552012084903
19,0.2463679243931172
47,0.24486189687934112
30,0.24334473058097042
20,0.24047870552043749
22,0.23888810289814313
10,0.23811339914740254
16,0.23747419985630577
9,0.23500845524720598
53,0.2310208441161672
46,0.22924304640833174
21,0.2239896523400271
18,0.2236804126854739
31,0.22179583750649406
17,0.22092205115566646
54,0.216296835163458
8,0.2134433465937875
7,0.21259008195739262
32,0.21092885711138115
45,0.2108516075190555
55,0.19938247177813137
56,0.1987747708573742
59,0.19676561382362892
6,0.19571300159803884
60,0.1930764590707782
44,0.19199684376946213
41,0.19094146362703832
33,0.19059430861835716
57,0.18866521003305967
5,0.18743971541191887
43,0.1873175962184197
40,0.18371955381756894
58,0.17686297101934143
42,0.1751977375474798
34,0.17352548597037057
3,0.1730890657832174
4,0.17266545394520003
39,0.16823754723076526
38,0.16763916385006736
37,0.1643569654734407
2,0.15355058719629
36,0.15088018246872853
35,0.15044137759880136
1,0.1440176082612682
